HeartRate,SpO2
98,97.64957213160858
88,98.20517729695042
74,100.8016610949076
67,92.3082619434205
80,99.07643734432727
98,95.7232623461052
78,94.1080885575859
46,81.5460271799654
70,98.0905616713629
70,92.59443359058056
83,94.0856420206035
95,90.68796449587106
99,98.81503607401471
83,98.43247376368808
62,98.06977413046543
81,93.29387861541075
61,91.90828081692553
83,97.01308590917253
89,95.45783022524542
97,91.96077713595106
61,97.5450239815485
47,83.4508773990599
54,83.20727650296958
71,98.13985025354172
81,100.45344028223651
84,92.23230004332392
86,96.22104961413585
87,100.77611386537272
75,91.81823522067192
54,78.4303274935637
62,96.44391160569091
96,96.45127001407577
59,73.76591903947488
80,100.22578615163252
54,87.5402055233294
98,90.61749713757831
77,99.38000821863282
63,92.48095462918306
84,94.14605581210009
73,95.0790609497362
68,95.28996600828377
85,94.78698439180893
61,100.31088623637451
79,97.76620908430426
87,96.94287710552376
66,90.54826230561235
67,99.94304663286412
94,100.00329211209235
73,98.58234369773112
76,90.0773212419498
95,90.63008276185386
99,92.47746072495339
47,73.81666642266434
44,82.65129755810926
65,100.14885363896569
63,95.19266477616698
88,90.14742889075382
77,93.11020258536638
85,90.49054399210257
93,90.39916384874853
69,93.03291838405107
95,93.0317357254684
73,98.65839262861765
90,100.72318118059223
74,94.08327803278998
67,94.71775566747142
73,99.29268379914623
82,92.94952922105065
99,91.72019984843793
80,99.38398585744015
75,90.51150645084073
77,96.81669384219357
83,96.18192132213487
85,93.80512492251864
84,93.46708473207094
100,98.49043498799783
88,90.95067071838801
74,92.60462740242524
60,98.056936050219
84,96.03152642099067
52,79.19056281542355
68,99.70349175710265
83,94.32792631219951
60,99.1065521285439
67,98.6648431708048
83,96.868679911189
70,95.43929244424602
76,100.77505924419933
67,91.59461579617799
94,97.97671300306226
94,92.10309771611269
92,93.72089415865584
64,93.39568617710515
98,100.41739586512595
100,100.64091795567103
46,83.82369767321181
66,90.24238676327255
68,97.92008843629425
67,94.59788927257533
71,90.97724269596321
93,97.52129516134747
92,95.99616081086769
82,100.78568504201216
83,92.50150445447517
96,94.44375663959202
94,95.96800383734966
99,98.70869987298687
55,87.13628186322889
86,96.74190176948144
94,92.48761756748935
60,99.31610600897416
94,94.71493601667524
49,85.13258362121837
73,97.3060670595596
62,92.37699498503838
60,91.0731876126323
64,99.481855992447
37,87.58607717461516
73,98.24212083965354
98,93.1964631578699
86,98.65667148409433
68,91.23129519723683
74,93.91570711174339
38,81.81817458737063
85,98.73388688004806
72,95.46981523346157
91,93.73755218718074
98,99.59349270024724
91,95.99332534992968
63,98.34267519656022
89,98.29518448347781
96,90.19740246425341
82,91.38879161071876
98,97.25592303034216
74,91.77781792414459
34,78.31527975049444
95,100.41301749619568
53,82.46402573840908
91,98.25802457699282
66,96.13778812660904
81,96.07764976260998
58,72.84576550193715
61,93.78029511870014
65,93.10673988555163
44,74.1739605341407
87,98.7817860704676
79,94.09125934708551
89,94.96866501154851
70,94.37119529533848
87,91.02748769172825
84,94.85179374075862
98,92.15170200348966
92,92.05395625350346
60,91.03439714877693
86,93.92338071555942
72,98.33230073268359
100,93.04085859641735
62,93.43584012074065
98,97.06942123439666
65,92.1542489384561
67,99.86653723465888
86,95.7220957557671
68,94.92363234352239
96,96.13602211122122
92,91.82637744757815
83,96.74820452503094
74,93.99410810297411
91,99.86904975061081
91,91.85739627345455
42,81.54939365753863
100,96.5792389230592
71,90.3672196196502
98,94.00062437231755
61,98.05898758170916
62,99.02415258193871
96,93.4447819429901
76,98.78452599621026
61,100.64531464813727
61,99.42561329682604
87,91.29408386975258
82,98.13703365294094
96,93.516335156846
30,82.5801246903554
92,95.33894881475877
60,91.34677288194835
78,97.9770410283013
61,93.55312318224836
85,100.96785972789829
91,100.77760703639974
36,80.20458565621196
91,91.4280909384689
63,97.55547097442532
70,91.0233353510603
76,90.32300575012631
97,99.05254290843635
83,92.3072824245205
64,94.16929838841007
93,100.7080312897379
65,93.70524552047213
81,93.26138759411647
70,100.10028799585052
75,91.21823289850855
92,98.35540651126095
68,100.86872123318051
65,99.91425611852114
75,97.16834710577069
88,93.45466874492006
62,92.79754179296148
79,99.01180615358606
95,99.67804105346865
78,95.77978403800262
85,92.68773934865112
37,72.75927537838973
78,90.95897414615014
79,97.90985192089241
91,94.62130600632497
66,99.95895861705657
100,98.1363843079944
92,92.10386459706045
99,96.75155160697268
98,94.79055999837975
77,96.34974703845475
45,86.95252039522401
60,98.8681546910417
70,99.28111059047397
87,92.79372362029227
84,90.34227159909094
82,98.13224208681251
90,91.16978098881351
89,93.46411547474264
94,90.04198847536782
66,97.49836430641783
75,91.83845212618343
85,97.20810650660825
61,100.90916878884623
60,90.79937958771018
71,90.84785813146607
64,93.74418101933342
56,73.36708608069705
44,77.14835818886263
68,93.96415601923383
100,90.75355947289678
94,98.39470820384778
78,94.49136977035397
75,98.35173606366928
62,99.93968628781475
79,92.56039461811417
83,98.88135633373946
92,90.65003279086079
32,85.98103886983853
70,97.15845402314622
67,99.61649396552187
95,90.0020723951224
97,91.85989177391592
99,94.28735326169141
79,94.1745319371219
94,92.49403421215862
84,94.1977313385392
94,91.4173358320028
84,94.54037242192629
88,98.8258976207519
77,95.26977069413687
77,90.19800097839736
61,94.63588445737172
94,90.29892517699929
75,100.62867751777478
100,91.40199355365156
59,82.7836918826036
92,100.70053955181294
63,99.08642956833229
92,97.69246912638825
73,99.23407000450844
80,100.7997856258669
79,96.83478946978883
67,96.1510328751226
66,96.91061921509609
62,95.8594347543771
76,96.98598016500691
92,94.94826428769815
71,92.40287501171638
81,91.32271949162843
81,90.75175029085486
89,92.8964736212852
97,90.50735920769307
97,96.23887857911325
67,93.12211291725872
86,99.06988288895735
58,83.86563971989995
93,92.48986643775635
49,87.33938756623641
89,96.58689126021841
92,90.70940398374084
87,99.6496340287842
92,99.64987939108798
64,93.6344880426335
78,93.7444642768452
63,100.87931194185191
51,75.80834058039929
76,95.84448172624865
87,99.21967401907116
89,93.13819372193048
88,94.72100852735993
65,92.94554343037167
94,98.68076931247604
100,96.3068428019874
96,97.24707577154078
83,92.77537974823348
37,70.62427725706753
90,95.37212091881233
94,98.1132232400211
92,95.77763733272177
80,90.35910245300235
91,99.55406656952317
82,90.71155582866645
92,100.51406932092827
62,90.27656154105
77,97.6389550174378
84,90.9042777008296
90,100.01744237378654
62,95.10876559848097
99,91.51276152298718
83,93.74897269768832
91,91.81307142881438
81,91.876401027128
82,100.42919152188587
61,94.89770723513267
86,98.67682490295896
61,97.0356611729545
85,97.44068998572232
76,91.44862782319242
99,92.57602891497034
92,98.65425368669881
68,100.67842827122261
98,92.88943206858517
88,92.98725641226144
85,95.20186846091995
94,100.82224344140981
84,92.95854840409118
38,88.68435718875088
72,99.80628017185857
66,90.03213135883499
95,90.43742561487427
79,96.64478844778341
60,99.98118181184131
67,92.62742326442121
75,95.1660595214878
73,94.955118318236
38,86.74679631414175
82,96.84771665302719
74,95.16718139289752
87,94.92214955454703
93,95.21717262474387
61,96.49954185398146
91,95.90708237186495
82,99.39549597415555
81,90.54446538843034
84,99.16648778620313
81,99.28317073872897
81,93.13398823684057
54,77.35767491586603
74,94.8239233739118
96,92.40360817789544
92,94.36476531794948
67,90.4882654938794
64,93.05604280059907
98,98.98350392995789
63,93.13018531939187
65,99.00027335623072
91,95.84759411064874
49,84.57624365053215
94,96.32257509690857
99,90.32635045371214
75,97.42962228301798
72,90.49338924825925
46,84.81017732080605
78,100.22369363920426
76,91.81724333271634
78,94.28859588235699
87,98.02846339733327
85,99.70484411704332
96,97.38037305216758
85,92.83990579610285
82,97.42068638207837
68,93.26400405214498
37,88.65604566066966
60,100.49436440343544
60,97.93532796216917
93,99.49168553203654
91,90.02314227493471
84,97.89329337204754
99,99.12546312551775
60,90.4461461129915
75,99.58757500017053
98,92.8236365114105
64,97.3182131217586
81,98.80390366925747
88,97.28930964365291
62,91.01513271280582
71,96.55953670746405
85,96.04542022394358
41,76.48183719057398
96,94.44663702608631
81,93.53189206795756
88,98.24835840880112
73,94.53942858691737
87,97.1070579250557
64,97.11095099137067
89,99.7684297079613
64,96.58561642551007
71,95.52368970958186
75,91.52758459036168
85,91.27311367346576
85,91.69753721811388
80,91.89033329459804
98,97.01664801929998
95,98.15079375302037
45,71.7989388195911
89,99.1191950580004
96,100.90389549406997
82,99.02013892031292
69,97.64370611043555
64,95.85741969380861
95,94.93738378842178
93,90.92831618598997
90,94.3930562323416
69,100.01148100460348
78,98.88824892897208
91,92.37656501512856
60,95.13268563166937
64,98.983955228144
57,82.47948939068053
75,94.26131844235525
83,99.37025360561343
75,94.44287650587137
61,90.85376109204584
87,95.96787805385476
53,73.10983761086483
86,96.49314097248475
79,92.48907019035656
53,73.76205757584351
71,94.95135697300125
94,96.37192989202579
92,98.35286128327874
92,91.08760979404698
96,99.78617236319323
71,90.13540673317684
62,94.07057568141681
60,90.30162340969923
92,94.3227164787982
99,95.78393858760656
46,83.70326488247942
88,91.82191181731092
72,97.10314561105173
71,90.49256295555135
90,98.38097502145656
61,100.413088773929
94,93.7374570986623
82,95.68963319885765
76,94.16801305864696
85,90.07381429334465
67,94.24461953184627
88,98.70892285187482
85,96.5558772640183
69,91.11385906076674
85,99.31853438663164
93,95.84193879373767
46,73.60155466220186
39,86.60209911797773
63,96.15657289321734
70,91.15785103716713
88,91.8409570645249
95,100.6922778214625
84,92.51335421430248
80,100.75197329789404
36,83.57668457576997
47,71.43513211398124
96,91.09232423029063
68,92.29750477776314
83,100.1820106302787
94,94.5556524676105
94,94.34977694792205
95,93.44526887177192
77,91.61768035623247
98,95.36636316911647
91,91.43052560762253
83,99.1902826002056
82,94.07436684902837
91,94.12283924559976
96,95.21407071331471
71,94.88540484482327
72,100.94343770365253
82,95.99919233340133
84,90.97021874168858
94,96.67565075734623
100,91.66742722156867
89,90.34031409204476
76,100.67816369044974
79,98.50892780688021
84,100.78119891655143
57,79.88256210790901
72,95.85483284263874
78,91.85170651511044
95,92.71598169334344
71,99.22404136393111
100,93.91804211829354
78,99.09496471176061
71,97.79915096715735
68,91.94888017799052
66,95.58191002731716
37,83.87247356775208
73,92.58540936284207
90,99.13757361572084
78,95.99310423299706
75,91.81766255486863
64,96.41282868781063
94,100.99685184571506
71,91.65573640829754
84,98.98432623131481
80,92.28039903506314
95,98.60627162406097
82,98.08035715433554
75,93.30538324160476
98,93.58405429320895
98,98.71773531159211
73,95.07590063076044
90,98.0389983158299
53,76.39148074465528
94,99.37813560091709
82,97.81973188350551
88,99.97637089718317
70,91.4560961693847
77,96.52315950396657
71,96.59032643544357
68,93.8880681460146
69,95.04313067026183
76,90.41779719618839
97,98.20446042489714
66,96.04254727343492
50,77.19480998948289
99,97.48831482256534
68,95.13460284954307
86,90.379073853675
61,100.66568499532904
64,100.44023357398385
88,95.64192657761917
96,91.03039662776501
97,98.30083343758452
78,95.41124210116303
67,93.32692226118319
60,95.40559995281413
81,95.74688559946011
76,96.18982868924573
66,94.85346085020859
84,96.66330833452962
51,83.13101153102318
95,93.9849489580845
65,97.98288109541944
90,99.83897812506655
78,95.01577203335931
98,94.87801420020095
86,96.62328683890257
69,96.50547435364737
85,98.87248276558904
43,78.53258446084615
98,100.95735244603385
62,90.65418725754009
72,90.03484633438772
36,81.7394664338287
58,83.23088621812758
87,92.64420627569432
67,93.43088988004709
100,92.8165232161545
98,90.33869054626493
60,100.68686346629647
62,92.4282003729806
72,98.07432738848237
87,98.38856034163592
84,100.22183137807951
92,90.33604402802717
97,99.59253172291709
65,95.7994879892378
91,96.95798520962411
80,97.08917304833138
75,99.017775854832
39,75.44857067359979
70,98.06356308845993
96,95.81435920694418
95,98.72733415735883
94,100.89600636047146
78,92.20716119144137
79,100.94113505715998
77,90.98793369711052
46,87.98537288278844
73,90.48578129795614
74,93.75960645210438
90,96.96196963746277
60,90.75932494976635
62,90.06232395982524
75,100.30800131304674
82,99.04119299533923
70,98.90101488252934
71,99.72866703052175
69,97.70037700049315
91,91.14844542722889
75,94.39010206881096
67,97.95464435111093
97,93.08367906870673
71,97.56147000549862
83,90.26948293094418
87,93.36751074967553
67,96.0404336990489
87,96.95298812456866
95,96.34744730908102
85,97.67531903680772
67,90.06697623063823
87,91.11035319975274
87,99.5583867750706
96,97.49923508499177
100,91.24224806954612
95,99.26281881138438
86,92.66454339607023
76,95.26085872614746
68,91.59716164173126
40,81.41152595455647
79,97.33539863115695
72,92.3222371828275
87,99.49740843542702
88,94.41436626641683
72,93.21766600177816
30,80.26150711652173
65,92.9278481376709
77,90.24229613346199
51,88.1340328261004
84,99.26453820978342
61,96.03878494385806
69,92.41201358116263
89,90.3703609603526
64,92.36090880584683
92,94.57733570878202
60,98.35572571569776
77,92.06627137791551
91,97.91770598690155
70,99.53626815187071
80,94.99341532919193
85,99.03575190806853
84,96.10123082838605
81,97.00799920788995
86,95.78906306372023
72,95.09489988426476
92,92.58118785953434
93,93.33513465407151
100,93.1896713083797
94,96.19617824049196
52,78.03134882101628
80,100.0847085977257
65,97.92720659811425
87,94.41590194004513
76,91.74486558979015
64,99.701913866938
90,99.06155899111282
64,97.93893707988897
97,92.98701752152367
62,94.42691301177035
55,80.52542904768723
96,92.07943477200286
96,98.61318301048406
69,97.86542590735752
69,96.52834339273528
78,99.85299398518791
76,96.4159316959435
80,95.13664799959972
40,83.96977310982908
68,100.3449335630979
60,90.90987007676789
42,74.41947338082636
63,99.09386125924121
60,91.42922916989271
99,96.21482793442779
91,99.53202779923996
93,96.28990079967869
87,99.97919803716684
90,100.37282198497647
67,94.64622974402737
98,94.15045027546955
85,100.29953269366072
93,97.42654067264635
62,91.27624949482986
71,90.4652092414495
60,96.2109195609699
64,100.23188061982268
89,99.286735726464
89,97.4343252111077
76,91.53027433780196
82,92.79654522123565
74,99.63062349207878
96,92.0108796032259
80,93.06283349075478
73,91.42560716314986
61,97.43719054555852
70,100.3838053589953
98,92.95864834754924
97,95.22947268635082
93,96.97773713682325
97,100.99412873037194
93,91.15288871497329
53,76.82982781522493
89,94.2363213189275
74,99.52402181744591
35,76.19601507613707
93,91.22075277043663
97,96.97866559815242
92,98.47858680090268
83,90.03169376832176
74,99.44852353962692
89,92.04625300006232
76,96.07276301118716
64,94.57377250756196
88,97.91619198271583
63,94.08277776264316
69,99.56739494349881
76,98.0354599705467
69,97.12484488169214
76,98.75864655119139
79,98.2942533842122
83,90.39532542413708
64,94.3420778922931
93,100.23888027048139
65,91.3829669589145
61,98.10806205475257
72,100.72050992468863
70,90.57418491949468
82,97.50413268689272
75,95.14969555431134
33,85.55618939729965
70,90.93875470132757
43,71.3511034560553
67,97.33553326606014
63,99.0564037280279
39,77.73445880820063
63,95.98186300652861
84,91.09853503249796
62,97.56848888219615
91,92.6607777190956
62,100.02175573044121
86,99.22091895500276
88,97.8032126379613
91,100.43730551414244
78,90.345640036624
80,98.09820467566838
64,93.63267057270046
77,99.96672474255001
87,92.93342716328175
81,97.97342149246519
80,99.6541172161586
65,90.4582250022095
60,94.3741233755124
64,98.38539935224132
100,95.00410778458345
71,92.93977892772955
85,92.41785883705509
93,91.44670093608016
73,99.4284251584191
85,96.32890943576712
86,90.84023439490602
68,94.208383559277
85,94.0450701588562
81,91.9991310978041
89,94.79058388019409
76,93.6530930193245
85,93.75984076041401
95,98.12929213566754
60,92.45589724055716
67,97.06045954740891
94,96.27714586269029
30,74.5259792740367
81,97.29308080755953
73,96.0322023981522
85,99.67180626331023
87,97.43138101145286
82,96.01659576508527
73,99.1273943231641
44,86.93496477652266
61,93.20258672563696
85,92.27804409994228
73,91.67560564228947
66,99.89400733800711
62,97.81148974977873
82,100.31116281980752
77,96.63620986286438
37,78.67185535453606
94,90.65688137867978
74,97.38806509700633
84,96.40429635745055
96,100.89229782946384
87,92.63074655560467
69,95.83811090815519
98,97.1605306862988
76,97.09050292216578
98,96.17422897243243
81,98.54620811359948
85,92.25479330479499
84,97.98189920301857
76,96.81708028576398
72,99.8568262297403
79,99.3191388293694
84,93.46661743045809
37,81.91896860319498
43,88.98988998984902
62,95.79991699006783
100,99.97063060305881
77,91.80269126158531
95,97.07100806280192
81,98.90846206096644
93,100.42134774545092
67,93.71074155118725
99,97.97479286916457
78,95.9269430994358
100,90.66691818673115
96,97.58999711039837
65,97.59106214061627
85,100.23667485331191
93,95.4704369078587
65,92.53276012781566
96,90.49020205793548
92,94.57206405354496
81,93.32108370085253
80,98.37197136626263
57,88.52062702498785
49,77.38482026274806
63,100.58541223286562
89,96.82999449239479
70,100.21526315716372
89,98.36939778965944
90,96.01545605072639
83,91.98338728965057
68,95.04457737865224
62,96.1696190969888
90,99.50357738808512
99,95.29466714189232
96,99.87442139945752
95,97.41783876925815
83,91.50698969359038
90,100.94479506257602
57,84.2426714033677
61,94.31044126049987
79,97.25025140916479
36,74.57295020479182
70,97.0019251142869
63,95.480596005492
74,94.47341476998442
65,100.4832202329679
89,95.74793688405259
97,92.41029227416932
61,95.04859827315029
74,100.1132614502994
70,91.93705018463655
67,92.3535274255706
85,90.14332524532792
64,90.15609054335344
65,99.12330789654364
35,83.01882762162745
63,93.90545162097155
78,97.6814227295033
79,94.34726518940967
92,100.4818647559761
79,100.63757949568638
71,94.32073153390277
60,99.39644096974955
85,98.50397945867212
73,93.40999930888968
97,92.55243811791216
96,95.04058115432117
40,70.68334936805485
95,100.5618456320162
38,88.29620189832397
62,99.40727683520207
92,96.63370736787569
65,99.18948613926338
69,98.62862943803759
64,94.14684096118908
82,96.07189332332793
69,98.85228434188664
61,90.50662407608952
72,98.88887210591413
99,91.95676936453926
61,95.66151978833582
79,98.89102983511532
60,92.79203185972365
96,92.70388183236768
68,94.43040838308477
76,99.84107077335398
68,90.00487059580928
70,99.91521406306128
74,91.69187727105769
83,100.8909501367423
97,100.50331692342314
94,95.44142708550412
89,95.6399227259389
90,95.2970427430344
64,96.98988010225474
73,90.99793872458424
70,90.35879743175722
68,90.63473221257489
93,94.88801884165666
71,93.03102733141432
94,96.84243518608093
54,71.25016613810953
60,94.24955490384113
99,96.31225379514964
81,94.5716428549807
88,99.31998834494046
67,99.92460043808462
70,99.65091173425786
100,100.71809462547184
96,90.30271103654457
73,99.23797778360084
89,98.26949390343003
94,92.515638503404
80,100.5195210272628
96,91.6299572105294
64,97.47504919847299
78,92.47379238497504
73,94.74518713651482
85,97.91075886639025
63,96.19657106236352
84,94.70252014460922
84,93.58972274025186
31,78.18876958048662
99,91.58195785346295
67,94.7311316418278
98,99.94133328952657
99,99.30434505505964
73,94.41035938720351
53,84.00716524785479
97,99.05476913779745
92,99.77776166403993
82,95.9895634595415
74,92.24906974660183
92,92.80839984154325
84,93.25264141445764
76,96.53182728890577
92,90.3609058654147
61,96.99646715657966
73,94.00789662271055
99,93.24765982738606
99,99.67446227800939
98,95.06002635138879
65,91.04558350085962
65,99.09421444828871
62,90.52405383180157
66,97.99424146585017
67,98.51296843947732
51,81.47448842958232
88,99.07266641905565
92,95.67225346442099
89,95.09623018600077
98,90.49943609615562
86,93.19032113013796
95,100.2411096797383
88,94.3100635961185
97,96.01370572612446
92,95.85223846882677
96,96.49474198804963
86,90.67464051207611
92,93.98393880278601
63,97.95441101270809
81,92.20616276180282
61,92.23936215300996
69,90.11099667357927
64,94.81230119269031
69,99.71007818740765
92,90.5709103794604
97,92.10230580445602
72,93.4109299217703
90,98.04897210220633
95,97.04699152082846
83,94.57538295040041
74,98.34975833184214
88,96.70594112822592
31,81.27932311703985
64,98.99829424052562
88,92.7809496669812
63,92.9858243539762
71,91.37892123371624
61,93.70661198289203
86,100.99498310591004
56,81.4376457065146
95,92.42537278158017
95,98.38731172923109
85,95.96718103808922
86,91.64561594479648
64,94.18758649276953
79,94.55916687093277
70,98.2921267062614
33,83.85889352580426
99,92.95921611478141
97,95.69355931447075
65,92.95731416698128
67,96.91277452160898
36,75.59746332586866
85,93.97881280345538
71,100.44129489557564
85,96.95375449105103
72,91.42935509494735
99,96.16100867187735
77,98.58805038520991
84,97.79338667242077
92,91.89298152224785
99,100.69661998944113
71,94.93695010321267
50,79.90230077335721
63,91.98215329540963
64,91.08058491407988
96,98.83869919278428
36,73.71182025612356
87,91.37637782855921
90,99.35518776236921
40,78.48073700916859
88,90.33943694738879
73,90.57084829470251
99,91.56387491374285
50,81.98056458727471
81,97.31660813662246
70,91.73058908002011
82,91.30761830294779
60,98.41191055623906
96,97.38160812245906
80,94.7885664360076
85,96.04240748628115
32,79.32539572409281
82,95.30750462258897
60,95.5733991388102
99,94.25960998295905
74,99.97229431739379
80,90.17668051479107
68,98.6038838940037
68,91.36821114365456
69,98.7730209659092
85,96.77503107244394
100,99.27605900030042
94,91.07265758204987
84,96.14878697509752
85,95.51196668288416
70,97.76812501259694
97,95.87719607083044
61,95.94808023846414
66,94.72555537933671
77,93.39717866408076
86,95.3049079737741
93,91.3034159464524
86,100.57664672881393
76,97.85851839989257
83,100.47713828356632
84,92.4940012056296
66,99.67275122194181
65,98.89668983019892
83,97.44867653703442
92,96.87532104693726
88,93.48204631794657
81,98.98051863461534
85,95.51667007627707
87,90.77980733480413
80,93.44149476940643
66,100.2882680839986
76,99.35748286665331
79,100.80096267884193
100,96.90792720864508
79,92.72261080454453
81,91.7909655464455
87,92.05605884669308
99,90.2177522418198
66,94.29750322084533
60,92.10570448549497
91,94.52821006502373
72,100.28493875022642
89,94.73594230457908
82,99.65782946683318
78,96.66055243277464
32,86.3090187276735
89,93.91440235185132
88,90.92311489403572
88,93.66808852955612
89,97.45295040053887
37,70.03042256343154
99,92.25941549325832
78,94.19585145554643
77,100.80254490717559
60,98.63348005254768
73,98.06835421141314
61,91.2781005217799
87,98.59095482976491
89,98.63795692667617
97,96.6121296518676
63,100.8939796019821
60,93.57779296517008
67,100.35399693066037
88,100.06204226452154
98,90.12628725724316
62,94.95128179122293
91,100.7481465635673
69,91.13433498648884
69,96.02563163821651
78,100.76853257745215
93,96.11044966516447
92,92.08796833269372
82,96.40401553101849
42,80.07806018621761
91,95.71674689183932
66,90.81446439703583
88,96.66030936135846
67,95.68468933040974
60,98.14177505637609
39,79.9619838284623
83,96.04566895383832
82,97.58756734172934
67,91.58336104929454
96,96.54895627384465
62,91.89321663105055
92,100.1807442863707
87,90.75167515330165
67,94.73412224659873
93,97.6537722542099
94,95.03824432835084
91,91.01304778556192
83,96.08716917739378
56,86.83252017442507
91,97.74171542089559
75,94.10585795909034
63,96.20025968131638
96,94.95755122432804
80,97.39261642627478
73,96.419126640573
90,95.78331841515049
77,92.74476803522073
49,79.49398137537518
69,91.91489842842572
66,91.28772645566586
92,94.93993219512042
82,96.7348396583803
80,92.34393509553288
78,100.32962805563906
78,90.07350342146276
95,98.49531116681877
88,96.87725246483487
77,94.10910281152451
61,90.55537838853648
60,96.90235228962707
64,94.24174864152212
79,100.29893853354541
52,87.58047570106994
61,100.3361666242286
62,92.42532062820635
82,97.98298501400514
71,96.78973922933598
79,98.13349052814443
64,92.3613465036979
96,97.31493967861552
97,95.47844432362555
89,98.17107472396948
68,93.59749108567
93,99.79062728011777
94,90.92731446072486
81,98.87908250670307
83,99.474515883966
76,98.98977542503503
69,95.63999033687953
89,94.82223478033838
82,100.95888515177364
91,92.52089146335578
76,96.01563562463649
40,73.92622051294241
39,74.91539633616145
68,92.24427132312437
99,97.19393501573781
61,99.00206523129471
84,90.55020434503223
98,100.02673422657848
68,90.32454460659727
81,93.91568135737234
63,90.17394515856259
85,90.8485968539354
88,100.02285113698088
93,93.90346913820763
82,94.67248683467558
96,92.36878819520808
70,96.56805347205392
59,71.95519667849801
77,94.09420431007742
42,74.03327279042477
95,99.73460738998646
100,94.21612663606422
97,95.42851091369849
93,93.11635238667424
76,98.6544645369284
96,94.37192972589001
84,95.64972151198756
97,92.78692887065628
71,100.86425551575377
82,93.20645315016095
43,73.97893574561523
80,94.70245215392436
86,92.26839145592554
90,98.79690640361348
65,93.66967467931947
86,99.51712682137592
99,100.06782903409605
93,99.45806218930403
71,90.38508706287486
66,98.66110679505616
69,94.52473413149059
76,99.61095212200448
85,97.01749688953213
80,99.17007447558355
87,95.49374946853519
61,95.88528055058826
60,91.58826395347035
95,98.6238609455829
85,94.61328572833669
88,95.5008813009874
58,84.321595838856
70,96.58729940087383
99,92.21208600186934
70,96.49255925065982
95,94.48396143777622
98,95.1647809624825
99,90.31142401842935
94,92.31032284467909
93,93.09141889519131
83,97.84256008644687
81,90.12641720627927
64,94.49654987352045
92,100.16429557468307
95,91.23068678204037
79,95.68066827040472
78,98.65174620629932
94,100.36784438272129
76,98.2145430348709
93,97.92622103508847
68,99.09136899215339
85,94.90821343075298
61,98.86428985879617
68,90.08760845219996
68,100.17017160914486
99,94.87637160468893
76,96.08718206652323
60,92.8037047380637
84,98.16783916124464
99,90.84299387122773
84,99.59899382801518
98,99.10928511906977
94,92.37666127869242
62,98.90256838113788
96,98.6499350636763
89,96.95438257529344
56,82.76754662061397
93,92.98648629600055
71,92.54961949318285
78,93.50469859039968
96,99.93914287775783
76,90.8540485358766
69,99.11758403878255
71,93.83779082546006
75,95.73759335612493
55,80.63463128263795
78,99.72814201725268
67,93.79259562079912
90,95.08027829402621
56,88.01577162811827
76,90.14576136854302
82,93.25537177744522
96,95.05108157105818
75,94.52202969768484
65,97.94122150267248
67,94.23283978943213
84,95.38314093867737
52,83.66136942009493
84,98.14688763783808
71,99.49269638885659
74,95.85077986908266
85,98.6837541361471
100,93.26465350221835
85,95.95506571172996
91,93.7975294903697
69,94.55621018129014
75,98.05655251293936
66,99.69828730565985
76,91.33644930196542
82,96.98103182136119
85,96.40358188335578
80,91.30256543093525
81,92.3308376348412
66,93.42102744205948
73,91.83624177899252
74,92.68102430776776
66,92.94360878747878
68,93.69241216342965
67,98.24329498081275
82,96.2910342423566
88,100.84871339146542
77,94.56209409664218
90,98.29251581220618
89,99.58615263514187
98,97.46876342341847
94,94.53051214459245
77,98.28954093820329
98,92.24033851549953
76,93.60307381698145
73,96.01353780609217
35,81.50344522080151
83,90.24355623019892
45,74.7478645221871
38,75.38116259238367
62,95.4527412525508
96,100.26439957849139
99,94.83005121775912
85,100.78479127297409
82,95.63513232967834
98,91.25714346997778
74,98.41281069705205
63,97.46787497585625
88,98.50285393436145
81,100.46586231598249
84,98.5413823291612
72,96.72470262438311
77,99.43039792596925
92,97.40571083289984
75,94.48930962508516
61,99.74181740665951
94,92.4409050686281
93,97.86105402399596
89,99.69719800434832
72,98.04448171673626
72,97.67002960959243
77,98.27902123479019
91,95.1156077313071
91,99.61587750372729
94,92.237801226497
98,91.40125057600373
39,84.12259502925745
88,95.84735136452493
75,95.61617974950272
69,99.02658633444246
89,94.45025522044419
84,95.3277886892066
37,75.45274918995932
79,94.50713160087233
64,97.12551656245377
42,77.66392179550071
89,93.08970161704868
45,83.76334076396284
73,90.46183971800546
89,95.27186098905992
63,91.99895622550972
77,98.17389693594518
96,99.32720672139683
49,72.19461145697285
60,100.79878076773255
74,94.95526428617654
68,95.64705031247406
74,100.88139529353525
83,92.54703279561554
63,100.36800533644596
71,90.47121310631024
96,94.91025579289514
96,90.77003863346373
65,98.02158217205007
98,96.69249829468019
83,97.77297689814355
70,94.1192843996482
72,94.06430127434518
93,90.49851206856984
84,93.84939433482604
66,100.22217242488266
63,94.17149190898493
67,99.14504476844166
79,99.26558055224928
88,94.10565272017158
30,79.86141217799256
93,91.04908762500365
85,91.14046438807704
100,90.53523430027884
62,96.3911660271262
65,94.68678075388706
64,96.02835592330663
64,95.73180509559226
82,93.85223290199804
68,97.45220756305821
94,98.3435206900803
79,90.16091084765443
94,92.27966529745765
77,97.84559454891671
76,94.25282189897217
83,97.2873234163577
62,93.81658925708014
91,94.29830667562601
94,91.74546761058653
97,92.84054121632776
72,96.65952933258346
84,94.76479422446683
68,98.51732951239055
63,99.37843450432177
36,71.64822407452625
96,98.34094021261666
93,93.37594964514027
70,94.56468336940085
100,97.84055443838514
62,94.24833192098734
87,96.47355428674888
88,92.03910056990763
68,96.59748446467547
62,99.47665077949583
84,99.55503603805768
93,97.96778846962494
71,98.20328716983738
68,96.1372018966577
74,96.43134899182407
99,91.4701563955157
84,94.88245107263431
64,94.95853912275
70,100.54347619234514
93,94.74195548885618
83,96.04276909393033
74,95.86576539207013
97,97.0043788874876
67,98.23056114465085
64,92.47546063787959
85,95.81596861008279
77,99.08509478047634
65,95.09426185221263
96,93.06303301010931
72,97.20179982891929
87,99.06144135379036
64,90.6945432222013
72,98.5446953174795
76,99.03812726257948
99,95.07675220347467
30,75.11893989726187
88,98.6537917477804
62,98.51028821385232
99,98.22622431853279
53,83.96047441575155
99,92.38953975098312
86,95.10389144610868
72,92.90404784955412
92,94.56765069567444
65,99.77310520915213
83,99.06759581067196
78,96.9304386632798
75,99.43932433676214
99,98.62149627918974
87,94.7188342502498
92,92.2117166725494
100,95.65621144010274
72,98.09851770781405
84,94.80061558602553
95,97.33449100762287
86,91.03760168920148
97,98.22805210008543
66,98.93984981882369
64,97.77521641358595
90,100.63989946279003
82,99.09317263206705
69,99.93403100664192
91,100.26928191803412
89,98.8148279106119
98,97.41684726207149
90,90.06290439496868
77,95.12408328545438
95,96.28278528484597
61,93.34433299692799
73,93.49914891593819
72,100.57275357281182
58,88.44053874384142
71,99.34096906051874
98,94.46612981876721
61,90.15068405449806
50,72.13533271353899
72,93.43416005039364
86,90.17317204295244
100,90.18864760106717
76,100.08263631806652
99,97.76774352330959
90,93.39851589074968
43,75.47512593479507
83,95.62799289684585
94,90.05880776939802
31,79.36502942610745
78,94.56296631327842
41,79.5345871352697
66,94.2965296833996
69,90.76261163426541
100,97.0215446377101
91,98.06303981591189
93,97.43737937347119
87,91.52279042662333
33,86.4913661980405
89,96.26432932589479
96,99.5525186673552
88,94.17040424213212
81,94.08634538025377
63,96.80379764590005
79,96.96379918849465
91,95.1621375005837
95,94.87365298563464
63,95.43562437701671
86,99.47149829453643
76,95.07283591379301
71,100.33924971166805
81,95.54404139955959
76,100.4412076249898
69,99.16115092055983
60,93.98674454877413
81,99.50005563426278
85,91.21069612621227
77,100.17551892877316
73,96.94807866591181
36,82.5929289221296
71,97.08682396015892
95,100.71672419559232
38,73.4366159640814
71,96.10156480758096
66,98.2257378473531
88,98.91284445369485
70,94.55210211852875
92,92.24583215085067
45,82.3490898651519
74,96.37698772806947
91,94.98202177294372
70,100.43618834664682
82,90.66665398486401
85,97.53934877790606
93,90.27462844332062
93,91.88577594381597
52,81.58409216374179
63,95.00359687083154
76,97.54270597227008
94,100.01234338354533
72,97.02935374806412
100,100.4888860763666
98,99.69777203865797
74,96.42949775083869
88,99.1717114601071
88,97.06835371355997
70,90.864136140161
91,98.14621195585461
61,91.04399285394081
73,96.53491058626683
79,97.72904226444052
81,90.73180369031941
70,92.53874119319185
86,100.07239455487814
62,96.77945941456186
76,92.70914620691585
87,97.59747748262808
88,96.56454061957858
80,95.51733269909744
75,100.73805672486893
96,97.5179915514826
79,94.12985220634704
65,98.80080775284554
78,99.73041622213307
39,84.9037076465596
62,92.20608275629793
60,92.37849710040558
42,83.41372005496555
74,96.63343510558612
93,96.80890721168447
94,100.3485062965845
84,98.53502686088036
34,70.553351914793
71,93.822577906677
77,94.7893301079331
74,94.35557747622366
75,97.36239470078067
86,99.81082413582219
67,93.36656609875067
84,96.07064850063304
76,98.68350364104944
88,94.57839864729884
67,91.84929941239226
74,95.22446061790123
86,90.60744772817331
33,71.72665422902332
62,90.8230332571447
88,94.82302386775636
83,95.82869387197378
62,100.83834215516013
34,87.94481006975872
74,91.25874670473594
84,90.09576761768798
89,91.71128580556233
73,92.28000276974434
66,96.93639035741401
76,92.4167746943054
79,90.22572896202257
95,99.09280180052738
68,94.02155271104364
97,93.89066355238808
81,93.3272693208472
61,100.72910604861063
83,91.8712695904021
67,99.88061870348558
70,98.54483665353877
72,90.84127951049244
76,100.85402011650933
67,92.98502559892911
80,91.08441219724654
77,99.12245657538335
89,97.7734308704547
77,96.78940686465691
90,91.71578950068826
56,88.0094053979823
91,98.58611629575935
70,93.33986331958224
84,93.42858811366546
92,90.03454996652934
45,85.53798018119898
100,99.62946187634017
67,94.85921140801477
70,100.82657949157877
81,94.35278759931171
83,97.86705100258266
100,93.10110947195201
76,94.00190605255027
71,92.09798586349984
91,93.81768605349335
74,96.01961272462708
75,100.90950169077175
81,97.30621884378964
87,92.19170549849146
79,90.49457585750706
92,91.38992129445961
69,96.18810721400352
99,98.41676361698443
91,100.34461128030821
92,90.17405489196503
61,95.75036155718057
92,95.17954091845495
92,97.21660524173274
100,96.15536739911876
72,97.55743065640729
89,97.23890843224109
92,91.2871289734374
72,98.79689704980592
85,91.35555833287957
59,79.96551091016056
32,71.08480044968779
61,95.65235808034258
97,99.93627815813282
98,99.78872099120835
85,98.99641936220533
74,95.61163218501956
93,98.09863791147217
99,95.6418676107069
70,99.56566690722255
62,94.4305341655619
44,84.85671901597597
68,100.25555034051766
65,98.15762881396964
68,93.0735747259368
98,91.44818947672584
90,99.40173795102517
42,81.70857233728164
41,82.50959231216379
71,95.39841507383596
67,94.47212462188915
67,99.93509856717873
87,96.64236080794306
79,96.34275407842689
66,96.14642539086837
70,94.08286467621484
79,98.6420741388204
75,92.7807828841735
63,100.32784456045403
65,99.83383725551657
81,93.71228358242388
85,98.0241014681483
62,96.3054551389455
43,76.76874799747182
73,100.8737381279499
70,90.2776108043309
77,92.77910633683415
71,95.72081467222266
53,88.23589194231658
30,83.79976650700755
72,98.26843789225211
84,96.85825613571225
36,84.25516475996366
95,90.58865909204347
67,94.14183316568229
88,92.55261313671272
91,92.91907122762173
77,96.09771221774379
65,92.1945584642257
77,93.23344011118587
78,92.60793179369074
81,100.43353237540015
96,100.39132305388205
91,96.70935714455656
100,100.1697471560509
62,98.64393910015211
32,87.09241130050148
69,90.07078732646475
94,98.49767914687345
88,97.72737175747315
74,96.76779018610655
92,98.36466742850719
66,95.64214381252242
52,72.73606125447662
89,100.28689295399143
80,94.13385517430694
49,85.14939930734928
83,95.23256599812055
79,97.4183961699538
96,98.391826691098
63,90.49997750479376
87,97.11260488343528
79,92.49415302847639
83,97.37035791588323
91,95.15163204527195
100,98.50908016051376
46,84.20274644106706
93,96.88954586821815
95,93.06317801820308
61,99.38280194863651
74,100.21221856199938
93,100.96038123046961
95,98.75608142670012
65,98.29107477470805
98,92.37050834754307
71,93.69607764889119
32,71.1871154657986
77,98.50719152560475
99,100.06462451585766
80,92.08053010025283
74,100.14604233137113
92,97.65187117589464
94,96.71847803753542
85,92.19825398410134
67,90.61077536090066
95,96.25311388358733
89,97.16667251661782
82,92.31859594290157
73,96.12101826408002
73,99.4214274303883
61,99.18572540000523
52,79.17469214820103
64,94.02474390512569
97,93.49854529806011
100,98.24368606578889
73,94.74223645606705
98,90.96303530430559
84,93.1108124373755
79,94.60440514084638
61,93.21768068023877
98,93.65426128042054
65,93.2315349679183
76,90.45649083901387
84,97.00804170906886
87,96.57021662388816
61,97.18721848326548
94,92.1154088563699
96,93.25219995773733
64,96.81577519639414
60,96.59590325305913
99,95.56963340289694
71,93.85454575011217
95,100.04224105252159
82,93.73747266528729
90,95.01181072080976
70,97.45925214049629
69,95.9732357395344
62,93.81574574000824
73,94.79209269502161
75,98.73928899638857
58,82.87594928123627
88,91.56480763754497
69,93.44479522012755
71,99.34487637036692
89,90.97888686341982
100,100.90865680709697
60,95.95103188820428
64,100.83330318363804
41,76.821014593506
47,82.0996078214027
71,92.18340182065884
60,91.81373254221653
79,92.63988300256953
87,97.8114590462099
55,88.6060025366858
96,93.75567796564728
71,94.93656684394077
96,100.04555948463602
87,92.08332759673331
74,90.05529207870784
65,90.66106051415987
79,99.9524297584813
73,97.122681113277
61,93.00344681260587
41,74.9665490146475
96,93.23693410300825
79,91.26276619976409
85,100.35686201312885
88,98.62626791801793
60,95.08630294603795
94,99.51458865626722
65,92.74404024722556
96,97.88832625319412
64,99.41745748915118
92,93.924455827856
73,98.33210889995789
71,93.24579584190741
46,76.62853791550052
83,91.17762896409604
93,94.84063851160339
84,98.02683097147164
88,100.34242886128413
98,96.64176691122006
90,99.49449091509312
51,81.84482289538903
97,91.90677358272809
79,95.34399171803895
82,91.2861588907793
55,84.19748662275146
67,100.44889635070683
34,86.78066800554856
60,98.07271443882796
67,96.95461965954647
42,87.2721883150379
91,94.29132258157173
97,93.90644812529194
64,90.49774107920777
46,74.30795031106886
93,90.1669457051551
60,96.39558816140223
85,91.16438559465699
69,99.60321333432688
89,95.75457322766881
77,97.6965889996458
76,94.51942801024546
38,71.24600238028609
67,100.36925094663293
99,90.91007443586038
71,92.79331549116066
86,98.57987159601599
67,91.08610927570932
84,90.83227214294521
40,79.01970141543605
30,75.43098752460477
46,75.30755862769331
78,92.4890277589826
90,99.8526775951931
75,98.61850088929782
73,97.69675726709424
64,96.78638430122952
100,99.4981230337561
85,92.45368267697033
87,99.6041972704065
61,98.68441528266457
65,98.22976909026454
68,96.17381245882416
92,92.7086857706766
100,94.65902707591086
84,98.72927719992681
72,90.34956332793057
68,98.60255846190134
32,74.79563258390087
90,91.58740120793763
52,74.79073516093993
70,90.29975013145896
63,95.75945133743598
93,92.40085859963102
97,100.88374942357595
63,96.31880431459426
97,91.51673796291611
78,97.57638794892502
52,82.8529707263558
53,78.32241413065626
77,90.84083847143393
72,99.85472599311926
100,98.73322324445961
35,85.89786403673193
78,90.56964477606098
70,96.13041632845739
60,91.71639392473975
83,99.180500478548
66,93.94168122338841
84,100.04181689210233
80,96.22256989355107
45,75.41902314841332
60,91.5355875409578
71,96.3411968131353
66,98.38071973048689
74,98.596562125164
80,93.0333314488541
78,92.24671434803385
30,84.72364097381315
56,88.48108612196063
92,90.84225084276893
91,94.62837321942519
94,96.61850380420125
56,76.0284906917422
85,93.42982350651346
70,92.74749378691172
94,97.19576169714708
67,96.81162935258939
73,93.65320761638937
69,100.20912019060765
61,99.29348560238596
68,92.4638080045159
62,92.63056799977976
49,74.99852056855963
85,98.50929311903792
67,90.4844441732731
61,97.62668669108177
65,97.13059487120307
87,92.54628105504287
88,97.49488314565484
85,100.34201510377291
43,77.8152755162935
71,93.51617260821268
64,94.81994388332991
93,99.89186394817159
96,100.58487591270072
74,94.88526771145965
95,98.2503125335641
74,95.84827126140931
82,95.91561228215514
65,93.05909466572992
80,92.38651870450268
82,93.16805880516445
75,96.11960807982787
58,73.21902563977169
84,99.97973838792046
95,91.71912080504754
70,92.42097544558526
74,95.70103794092411
63,97.81126242971007
80,91.05301960218837
72,93.49464167301879
81,100.65542066131793
78,92.88577263459041
93,93.44355159569461
73,99.20148339679837
63,90.55235874859501
86,95.11074485689868
31,80.44552647405438
87,93.48245435899516
94,93.1426955344924
67,91.0051151534645
75,93.46308412286814
95,90.47357642987235
89,98.59060250008879
77,94.38050573353813
61,94.88294215551903
72,99.82954045095144
63,97.23860482247343
85,90.08865013676332
84,100.37492305257413
89,92.60858912575482
70,91.18375603235845
57,79.24826991869399
90,95.5052504745339
69,94.77147622619819
98,92.74453387651016
72,96.02218638848551
90,93.01823065722846
66,99.91741305815775
95,92.36724927706513
79,99.72790665501329
63,96.15345968300093
66,99.11336947284765
60,97.8413059544705
72,97.66364622580423
81,93.56780388464561
59,83.25150873512182
81,92.31974850448867
87,99.42910822765548
68,99.02469502284922
85,94.84630880813538
68,91.456450748461
74,94.20477477175204
69,96.81277799550602
83,94.99843469927949
67,98.58208195331295
83,100.97385104476524
75,92.10245297293787
45,71.31678561435622
86,94.74082292112904
96,93.34941786023846
63,92.17905068392318
83,90.72261328138624
78,99.75831248946068
95,94.6183356745495
98,95.46585070350054
69,100.08636253021007
84,98.53919525267543
77,91.43551390528903
78,96.21961964368516
95,94.86477504171515
69,98.76932179836639
92,97.96655802373144
64,97.59446294102179
50,77.71042975180517
59,86.60807324249078
92,90.57630425154348
41,78.3241213696326
76,93.69185600275704
81,90.8448818517621
96,92.58493705288161
74,99.1316608129771
94,100.43076691569087
87,93.3506259135161
66,92.90967384387721
91,93.0788191747107
70,93.05490996085928
69,90.39523200404571
68,100.19607980964219
51,70.57869835333943
72,94.62004481489545
84,90.10655571015064
61,99.43750600006562
38,76.45415975111216
66,100.41431638691074
80,98.59777027116039
34,76.39056880759605
62,92.72660694601267
98,97.67487938308622
47,79.4530570045216
70,96.22836517327879
98,90.06883218129117
83,90.68074271848523
78,95.88904735299816
63,96.22678811092982
85,98.26598238905278
97,91.45161851586357
91,95.64501392132456
98,92.13892408874858
95,91.02515731518965
99,94.5154537346661
96,91.79670312897963
92,92.43960176011551
95,93.49310037856452
62,92.85327240817516
68,90.96350427146541
67,90.98907869345672
92,92.12574356757585
65,90.55615106755492
100,96.8910272164462
98,93.16059388159792
63,93.07720564545978
50,77.41618980596954
61,97.29075901630694
64,99.57697269631839
86,98.34995625811203
59,86.86139212429727
80,95.32830304160935
67,97.63186112664152
97,96.08038604836942
67,92.37875581005181
62,92.29447204515156
62,93.26031207562812
81,100.01882938066794
35,81.1256645764515
61,98.07295914702057
82,93.81214635798203
61,94.48487347731748
97,91.38122136500976
76,91.88424453603838
94,99.1009221030876
93,96.4332249485777
82,93.712857124722
89,98.831363298951
67,92.71171896201781
81,100.73635968460223
95,93.79299368520786
64,93.7104204956635
41,71.5203471253959
49,86.6092095081593
90,91.22250862065214
75,97.12915537987536
37,82.38549377930451
75,98.69572561298841
51,82.84698933561546
76,96.00140333971274
75,91.16150700574303
51,80.3941968274504
67,97.22024445323244
79,95.88667567048385
62,90.90226053732619
75,90.38433171046587
89,100.88732054750268
82,90.33023465363979
87,94.88981078355175
99,95.55080927068465
64,91.2900816258049
79,91.85967956283687
99,93.86985507051388
60,98.37843463835029
89,95.57790666466293
43,74.37750635877673
79,100.83692010599742
65,98.4480597884453
81,94.77797647955339
77,94.91086113976203
48,85.55327137708905
98,97.31901729260795
91,95.50782018420338
92,97.09347345096478
75,90.25885743855508
71,94.72585150286528
97,93.06831883680825
93,91.42091889767421
73,91.09501164089653
95,96.63511382176134
92,95.75960601867872
82,92.78942528696007
61,95.18045064649766
100,95.4145554670065
34,81.21324469934514
61,97.17302368069815
86,98.590112920247
68,98.7060989497847
60,96.62716813773801
70,95.62802440770915
62,90.67107857305935
82,93.16614428736766
85,91.02598591455987
54,80.63272025724976
37,72.60876412769048
65,91.66952950836212
94,99.78534280163541
81,100.38321111824104
74,98.424119431584
81,90.05945416039937
54,72.2170932787821
71,94.15910846766195
97,91.57734907011982
77,90.20224756366757
94,95.10473358344956
89,100.3736808714767
83,93.56201532392674
89,97.27254746271566
73,97.17458888445685
65,92.76188114031685
62,97.15467773706251
75,92.3356737171558
66,91.34208154934578
73,97.71521614115659
68,91.24784898814309
74,100.96600140448291
48,75.26213774436759
94,96.53556049032103
61,94.52512028553848
86,91.39025064646233
61,90.30628298335155
94,96.85005510522117
77,98.87433320168039
42,72.38669664996848
79,95.30984820384629
77,98.55201013900624
69,97.40131846837399
84,97.96679980249047
58,81.9675756034804
84,96.9675291426634
92,98.86078504933663
95,94.37672593112725
90,98.86576790954342
40,74.18831981295966
60,91.82491126807865
75,90.27152572947043
54,83.5593894153811
94,96.01365961125974
100,99.23802387423837
65,91.4023424815427
84,98.80226982451937
72,99.4930995067395
93,91.65756235700917
67,99.36753751234642
80,100.9059892462707
93,97.99522714153062
63,98.63246650007487
84,100.9385679431476
74,96.6602937557854
63,93.38675020217875
71,99.21283917483662
34,75.10159342780388
56,71.14015565919122
87,92.78999111065443
72,98.31967696541176
90,90.89834003446106
73,100.16715777874127
79,93.58405806847533
77,91.40552118068989
88,94.86603186412661
65,90.46716900182186
91,97.53088813691463
88,99.92976061489892
61,99.20989307852359
82,91.4010642079267
78,91.38898250818505
90,98.94777930556691
64,100.16679702063428
78,95.06736812816838
51,80.46311933794229
69,93.50088245524299
84,99.83691630082055
46,81.14821426037952
70,93.17076734884105
90,93.28661158159677
74,99.80320080369962
68,90.14997426296404
82,93.54999229999302
54,74.90946030953702
68,91.63039208309257
94,91.01308629619548
80,98.96803964199616
68,99.83844827513357
87,99.05967062878008
66,99.88666678711083
75,96.08423168164208
75,98.93483933089377
92,94.2244690223021
63,97.32894647626942
63,100.87719084528081
98,92.4830049622304
99,94.28889720920189
59,87.66604272997955
96,91.51817035722057
98,90.89142471511562
88,99.12695152953786
95,100.74473810110345
97,94.45197570212625
98,90.96414819814119
96,90.72392936759634
94,99.80450026996328
66,95.10195674700448
45,84.61304712663869
87,95.2410739836334
81,93.50134504161582
31,86.18741581756099
66,99.4551203660973
96,96.51531508168306
81,97.64119150091193
64,94.0113774385777
61,98.12356466361571
86,97.3327879336731
80,91.31518197527262
97,96.29907138427143
74,92.82417845940734
80,98.84505236596952
69,94.68531479313633
82,100.94152581716136
98,91.0175048173286
64,98.58382649014175
60,97.41071906896372
72,98.44248713649776
57,74.86157827543204
85,95.41259938320641
80,98.76159371696079
48,78.1878853938482
96,92.48636516467518
91,96.06156048624426
95,95.75919937482841
41,84.12844783365173
94,93.27883215577305
70,93.05629679527222
80,98.48663268198337
85,97.17090952118707
63,99.15658901751277
93,100.73020331145423
77,95.21580725899184
99,90.73363269545993
94,90.5290154145324
100,93.25231543198781
88,100.25799048287696
88,95.75534360467962
97,92.98965167688142
80,94.39083473962121
72,96.58454618145137
100,97.18244623951627
44,76.77556934461333
68,100.74734844199693
100,95.99249449681068
60,91.49257149571507
61,99.82998778680746
88,90.82102274187372
92,99.98508976495265
69,100.96222221917881
99,97.70474979072154
80,98.47491943181389
87,93.71033120114235
70,100.35734538007327
93,95.82685362719204
67,98.0562729125731
81,100.16518487502407
67,100.7269797357306
48,75.90913306974686
76,93.33319257680233
82,100.6320226820729
83,96.90931484367928
78,100.23706723987156
64,97.43715528395786
91,93.37962858032492
60,94.07026976557097
82,96.05518954813235
96,98.6901632571587
67,93.49780806474368
72,96.37704282747612
67,93.80187492934041
82,98.97346345098617
60,95.13400903144745
83,90.84395109538174
94,91.8265777362969
83,90.67215134381595
76,95.49233240615757
64,91.16971027083049
79,91.25553966240595
35,78.1494602303805
99,99.5992057939366
90,94.97295256492502
37,77.76613149336202
70,90.0020518098773
74,96.75377401900734
78,96.78070995109057
66,95.03187361456877
55,88.43833242879785
33,87.24726520458353
64,94.56456479687648
89,98.0354172523053
91,91.48890978470612
67,92.17403142650244
69,91.98570051231665
97,92.8871764363339
91,95.77784260659742
43,80.43720093853429
76,99.54986224859155
90,93.27097684439319
59,70.49202533474022
99,97.43183440558067
84,90.41894930659251
68,96.8196542136158
44,79.5578312035834
74,92.3640818452539
62,90.46160480787998
95,94.00009894811394
63,91.0845365326613
41,73.89918165858737
100,92.7968735458935
100,93.25014717089435
40,80.62011156513717
69,97.46231074053314
80,96.52048034957204
95,91.63196371018468
71,91.8929463569789
30,78.96227657093299
99,96.14187546570525
61,99.56931616187458
72,94.08701162451862
91,96.75840008174457
90,95.76029757660072
75,93.51035838802508
91,95.16906909236955
91,95.52739964509625
93,92.20848072232346
70,93.46511409614405
69,98.70550725557673
74,100.07367063399539
76,93.9577350289983
99,93.3766951042992
77,92.14716881029071
68,97.46340285515639
84,93.5540967183297
99,100.86524493009108
73,93.58253282270348
84,94.3354965146089
81,96.63667615833238
89,98.81852722510436
79,95.16470531880196
80,94.64921637167853
91,100.95201616954289
59,83.97380704335598
94,99.84571817736371
91,91.64054908533711
46,76.56748177529532
52,73.60872255837683
71,93.76032014047901
100,99.6126245107312
77,90.14197950779091
80,92.49359717282417
72,96.2358207587449
80,93.86696486054667
67,96.71415244850161
99,90.26521212749533
66,91.28104823529884
82,91.39805864240283
91,92.0821201050761
70,95.05264584880597
81,98.27341569497928
81,99.96092721721791
84,99.18909783312671
45,71.1655336151935
87,94.85265607453695
88,92.19352757534388
72,92.9091899833391
37,83.34417460897443
61,90.74919927195874
88,92.399917625526
80,100.28915977437829
74,95.12727921924338
86,94.89925178575659
90,90.16023870226407
74,92.72139721764181
82,99.52921679580399
83,91.81091271084536
72,94.56637433488193
42,76.83599885425666
96,95.26169029837611
92,90.23123217398839
62,99.0157050837238
78,99.07339144235814
82,98.66516407132607
88,93.1170047578023
89,99.20960940044
98,95.97297945865796
84,94.11188919753702
96,96.87862955674656
67,90.1357515066641
58,71.71942991082148
67,98.16522891987289
60,92.68577769587769
36,86.238825786301
62,94.23612863105333
60,99.40286356679188
63,100.47656836596308
99,99.71921201207209
94,92.97681994162956
91,92.1357915595069
93,95.21878382982808
84,90.08067565919798
69,90.283903321495
80,96.086197035853
98,95.72494344581814
40,70.94227665618163
39,79.35563342488238
61,92.83914322076515
100,91.24894706558915
72,100.0929731061912
68,98.55592368904296
95,99.04573022602533
81,99.9304016676096
85,95.77389985398422
71,94.96312510595796
76,93.63430621032178
73,96.48136075782641
73,94.99706236468805
93,94.96722145266132
79,100.30620650104252
37,73.60086182151016
75,98.76132828262539
90,98.3243389927162
65,97.48613977957011
78,91.82682337566865
96,90.6501640296322
63,97.59798946624589
63,98.01664844482234
79,90.51670290207954
69,100.20856925251732
83,91.00254703389146
36,79.48422683199057
85,97.39628794078575
96,91.86859853844923
97,90.60957477286469
57,85.68646507323328
99,98.42568732340698
98,94.55046546883787
80,97.18270214098733
69,96.3758100695095
97,90.24440330228138
53,81.82514269799032
79,90.45570897701326
76,100.64583011413333
66,96.04850596200838
63,100.59474929771574
88,91.2622895935522
73,95.39449371104064
62,91.86454501052664
42,78.59470773109561
96,96.79282026568542
75,92.2856176305786
63,96.46466720116301
83,91.23600930143884
93,93.65185118575972
89,98.59795813858572
77,94.80756674026406
78,96.9051995638707
90,97.122037348201
78,99.28130548386022
78,93.57415073847305
81,97.56025118840769
